{
  "project_info": {
    "project_number": "76791546044",
    "firebase_url": "https://finger-flight-3d789-default-rtdb.firebaseio.com",
    "project_id": "finger-flight-3d789",
    "storage_bucket": "finger-flight-3d789.firebasestorage.app"
  },
  "client": [
    {
      "client_info": {
        "mobilesdk_app_id": "1:76791546044:android:01b9c5fcbdc887e24410b9",
        "android_client_info": {
          "package_name": "com.EmreMutlu.FingerFlight"
        }
      },
      "oauth_client": [],
      "api_key": [
        {
          "current_key": "AIzaSyAOxl7z8Nk4YSapfE1ccUr78-RpbSgKWxc"
        }
      ],
      "services": {
        "appinvite_service": {
          "other_platform_oauth_client": []
        }
      }
    }
  ],
  "configuration_version": "1"
}